RN;SAT;Região;Estado;Latitude;Longitude;Alt.Orto. (H);Alt.Geom. (h);Ondulação (N) Conexão *;Ondulação (N) MAPGEO2015 **;Discrepâncias dif.Conexão_X_MAPGEO2015;Link do SAT no Banco de Dados
1190A;91327;CENTRO-OESTE;DISTRITO FEDERAL;-15,97881267;-47,81956722;1059,4979;1046,867;-12,6309;-12,57;-0,0609;#REF!
1190C;91329;CENTRO-OESTE;DISTRITO FEDERAL;-16,01976711;-47,80082047;882,4898;869,761;-12,7288;-12,59;-0,1388;#REF!
2194B;91319;CENTRO-OESTE;DISTRITO FEDERAL;-15,56334322;-47,65919128;1015,9372;1002,807;-13,1302;-12,98;-0,1502;#REF!
2194D;91320;CENTRO-OESTE;DISTRITO FEDERAL;-15,53049706;-47,62543503;1037,8666;1024,758;-13,1086;-13,08;-0,0286;#REF!
2223M;91332;CENTRO-OESTE;DISTRITO FEDERAL;-15,93774675;-47,80751133;1041,0164;1028,741;-12,2754;-12,58;0,3046;#REF!
2223S;91326;CENTRO-OESTE;DISTRITO FEDERAL;-15,94799675;-47,71232339;1012,9521;1000,167;-12,7851;-12,77;-0,0151;#REF!
2223X;91316;CENTRO-OESTE;DISTRITO FEDERAL;-15,96036078;-47,63695192;963,8676;951,03;-12,8376;-12,73;-0,1076;#REF!
2224E;91318;CENTRO-OESTE;DISTRITO FEDERAL;-16,02463192;-47,54575956;1038,453;1025,616;-12,837;-12,79;-0,047;#REF!
2226G;91321;CENTRO-OESTE;DISTRITO FEDERAL;-15,85077928;-47,62406494;1048,3217;1035,494;-12,8277;-12,76;-0,0677;#REF!
2226N;91322;CENTRO-OESTE;DISTRITO FEDERAL;-15,73390819;-47,66161067;923,6838;910,795;-12,8888;-12,79;-0,0988;#REF!
2227C;91323;CENTRO-OESTE;DISTRITO FEDERAL;-16,03741039;-47,41391667;872,0277;859,058;-12,9697;-12,84;-0,1297;#REF!
2227P;91324;CENTRO-OESTE;DISTRITO FEDERAL;-15,79005311;-47,38055708;940,7088;927,563;-13,1458;-12,99;-0,1558;#REF!
2227Z;91325;CENTRO-OESTE;DISTRITO FEDERAL;-15,62896672;-47,35662889;918,8448;905,579;-13,2658;-13,19;-0,0758;#REF!
2263R;91330;CENTRO-OESTE;DISTRITO FEDERAL;-15,69384347;-48,21695503;1076,3926;1064,109;-12,2836;-12,27;-0,0136;#REF!
2264G;91328;CENTRO-OESTE;DISTRITO FEDERAL;-15,55604203;-48,19596836;940,2857;927,434;-12,8517;-12,82;-0,0317;#REF!
2369V;91200;CENTRO-OESTE;DISTRITO FEDERAL;-15,94747533;-47,87786897;1118,4798;1106,018;-12,4618;-12,46;-0,0018;#REF!
2378G;91166;CENTRO-OESTE;DISTRITO FEDERAL;-15,94780003;-47,87698022;1113,6086;1101,08;-12,5286;-12,46;-0,0686;#REF!
2378H;91167;CENTRO-OESTE;DISTRITO FEDERAL;-15,94676344;-47,87862483;1108,2206;1095,701;-12,5196;-12,45;-0,0696;#REF!
2378J;91168;CENTRO-OESTE;DISTRITO FEDERAL;-15,94864972;-47,87818564;1115,7642;1103,236;-12,5282;-12,45;-0,0782;#REF!
2378L;91127;CENTRO-OESTE;DISTRITO FEDERAL;-15,94618972;-47,88426428;1102,4729;1090,005;-12,4679;-12,44;-0,0279;#REF!
9305U;91315;CENTRO-OESTE;DISTRITO FEDERAL;-15,78136442;-47,79069275;1072,5604;1059,904;-12,6564;-12,59;-0,0664;#REF!
9501V;96123;CENTRO-OESTE;DISTRITO FEDERAL;-15,92743372;-47,83373064;1168,3814;1155,874;-12,5074;-12,53;0,0226;#REF!
1236J;92840;CENTRO-OESTE;GOIÁS;-18,76971586;-51,34813883;481,3955;474,547;-6,8485;-6,9;0,0515;#REF!
1256H;91309;CENTRO-OESTE;GOIÁS;-15,85154381;-50,09238836;665,713;657,969;-7,744;-7,6;-0,144;#REF!
1256L;92846;CENTRO-OESTE;GOIÁS;-15,80511681;-50,12075675;523,1271;515,346;-7,7811;-7,59;-0,1911;#REF!
1282V;92848;CENTRO-OESTE;GOIÁS;-14,49316617;-50,06449125;416,984;407,44;-9,544;-9,65;0,106;#REF!
1287S;92842;CENTRO-OESTE;GOIÁS;-17,12841953;-51,22429592;851,1188;846,014;-5,1048;-5,02;-0,0848;#REF!
1288T;92841;CENTRO-OESTE;GOIÁS;-17,57456722;-51,09085408;807,189;801,734;-5,455;-5,3;-0,155;#REF!
1357V;92849;CENTRO-OESTE;GOIÁS;-13,27299408;-50,16257308;331,686;319,143;-12,543;-12,43;-0,113;#REF!
2269L;92603;CENTRO-OESTE;GOIÁS;-14,181619;-48,076216;495,0596;479,786;-15,2736;-15,2;-0,0736;#REF!
2269M;92602;CENTRO-OESTE;GOIÁS;-14,160942;-48,075583;535,3635;520,118;-15,2455;-15,18;-0,0655;#REF!
2326G;92613;CENTRO-OESTE;GOIÁS;-16,69019336;-49,25344933;800,9625;791,146;-9,8165;-9,59;-0,2265;#REF!
3200V;92858;CENTRO-OESTE;GOIÁS;-16,93117481;-48,37079414;957,488;946,032;-11,456;-11,34;-0,116;#REF!
3254X;92604;CENTRO-OESTE;GOIÁS;-13,73127289;-48,14017025;333,3172;318,692;-14,6252;-14,46;-0,1652;#REF!
3254Z;92622;CENTRO-OESTE;GOIÁS;-13,88602272;-48,15077025;702,433;687,819;-14,614;-14,52;-0,094;#REF!
3261L;92713;CENTRO-OESTE;GOIÁS;-18,38840811;-49,06876725;523,3435;511,929;-11,4145;-11,22;-0,1945;#REF!
651J;92839;CENTRO-OESTE;GOIÁS;-18,21658981;-49,73742794;630,4158;621,797;-8,6188;-8,6;-0,0188;#REF!
663Z;92620;CENTRO-OESTE;GOIÁS;-14,527108;-49,105316;527,6151;515,362;-12,2531;-12,22;-0,0331;#REF!
674V;92861;CENTRO-OESTE;GOIÁS;-13,43526506;-49,14453411;397,064;384,915;-12,149;-12,02;-0,129;#REF!
700H;92844;CENTRO-OESTE;GOIÁS;-15,86444667;-50,86918836;322,2599;315,915;-6,3449;-6,15;-0,1949;#REF!
701Z;92845;CENTRO-OESTE;GOIÁS;-15,93387211;-50,14003242;490,3529;482,844;-7,5089;-7,32;-0,1889;#REF!
708E;92838;CENTRO-OESTE;GOIÁS;-17,14992753;-50,01745597;597,3262;589,237;-8,0892;-7,85;-0,2392;#REF!
717Z;92843;CENTRO-OESTE;GOIÁS;-17,35721675;-52,67941297;858,4669;855,003;-3,4639;-3,28;-0,1839;#REF!
1045V;92817;CENTRO-OESTE;MATO GROSSO;-15,65897883;-57,27045875;205,4987;210,809;5,3103;5,35;-0,0397;#REF!
1202K;92722;CENTRO-OESTE;MATO GROSSO;-17,09718;-54,760817;475,4488;477,443;1,9942;1,67;0,3242;#REF!
1215Z;90404;CENTRO-OESTE;MATO GROSSO;-10,185202;-54,945859;292,5947;283,022;-9,5727;-9,99;0,4173;#REF!
1220P;90295;CENTRO-OESTE;MATO GROSSO;-12,67283933;-55,79434469;322,027;319,193;-2,834;-2,62;-0,214;#REF!
1225B;92803;CENTRO-OESTE;MATO GROSSO;-15,48254008;-52,20313072;319,3291;314,148;-5,1811;-5,08;-0,1011;#REF!
1268V;92805;CENTRO-OESTE;MATO GROSSO;-11,762609;-51,961458;361,4682;349,278;-12,1902;-11,86;-0,3302;#REF!
1273L;92806;CENTRO-OESTE;MATO GROSSO;-10,54468183;-53,58310378;335,3922;323,324;-12,0682;-11,8;-0,2682;#REF!
1279N;91340;CENTRO-OESTE;MATO GROSSO;-11,532244;-56,757964;313,199;308,86;-4,339;-4;-0,339;#REF!
2197J;92802;CENTRO-OESTE;MATO GROSSO;-15,75532169;-53,61793844;610,7817;607,358;-3,4237;-3,26;-0,1637;#REF!
2222C;92813;CENTRO-OESTE;MATO GROSSO;-15,339169;-58,869826;366,6954;379,356;12,6606;12,49;0,1706;#REF!
2229R;91343;CENTRO-OESTE;MATO GROSSO;-13,65894731;-57,89143442;568,7417;575,618;6,8763;6,78;0,0963;#REF!
2231H;92815;CENTRO-OESTE;MATO GROSSO;-12,91912;-58,04651;475,036;481,374;6,338;6,33;0,008;#REF!
2234T;91345;CENTRO-OESTE;MATO GROSSO;-11,581004;-58,330561;277,8662;281,742;3,8758;3,71;0,1658;#REF!
2236Z;91346;CENTRO-OESTE;MATO GROSSO;-11,62834;-59,077742;369,1529;376,359;7,2061;6,72;0,4861;#REF!
2238E;92814;CENTRO-OESTE;MATO GROSSO;-11,988765;-59,42792;394,4884;404,088;9,5996;9,62;-0,0204;#REF!
2250L;92811;CENTRO-OESTE;MATO GROSSO;-15,07800906;-55,99485925;417,9485;418,466;0,5175;0,83;-0,3125;#REF!
3278H;92586;CENTRO-OESTE;MATO GROSSO;-15,55429525;-56,06883006;222,7995;224,893;2,0935;2,22;-0,1265;#REF!
3278J;92587;CENTRO-OESTE;MATO GROSSO;-15,55500942;-56,07063842;226,112;228,21;2,098;2,22;-0,122;#REF!
3278L;92588;CENTRO-OESTE;MATO GROSSO;-15,55595847;-56,07028522;230,542;232,563;2,021;2,23;-0,209;#REF!
3278M;92583;CENTRO-OESTE;MATO GROSSO;-15,555263;-56,06986656;235,3441;237,443;2,0989;2,22;-0,1211;#REF!
3278N;92584;CENTRO-OESTE;MATO GROSSO;-15,55084911;-56,05586756;250,891;252,937;2,046;2,18;-0,134;#REF!
724T;92818;CENTRO-OESTE;MATO GROSSO;-16,19011331;-54,78463194;293,9486;293,573;-0,3756;-0,23;-0,1456;#REF!
748G;92816;CENTRO-OESTE;MATO GROSSO;-14,44722172;-58,42119142;716,2459;727,158;10,9121;10,88;0,0321;#REF!
751B;91348;CENTRO-OESTE;MATO GROSSO;-14,07717181;-59,436271;642,4889;656,875;14,3861;14,25;0,1361;#REF!
9517B;91255;CENTRO-OESTE;MATO GROSSO;-13,84658539;-59,55636072;632,0236;645,808;13,7844;13,9;-0,1156;#REF!
1207X;91294;CENTRO-OESTE;MATO GROSSO DO SUL;-19,79160067;-54,36743286;619,2313;619,951;0,7197;0,97;-0,2503;#REF!
1247J;91308;CENTRO-OESTE;MATO GROSSO DO SUL;-21,839886;-52,67320294;352,6256;348,949;-3,6766;-3,59;-0,0866;#REF!
1249E;91307;CENTRO-OESTE;MATO GROSSO DO SUL;-21,62326478;-53,65172075;403,3889;401,315;-2,0739;-1,88;-0,1939;#REF!
1501B;91288;CENTRO-OESTE;MATO GROSSO DO SUL;-20,05198925;-51,84611186;481,8331;475,342;-6,4911;-6,27;-0,2211;#REF!
1505J;91290;CENTRO-OESTE;MATO GROSSO DO SUL;-19,616084;-52,509999;379,1061;373,252;-5,8541;-5,57;-0,2841;#REF!
1507H;91297;CENTRO-OESTE;MATO GROSSO DO SUL;-18,83883033;-53,13632247;716,3644;712,881;-3,4834;-3,43;-0,0534;#REF!
1513J;91292;CENTRO-OESTE;MATO GROSSO DO SUL;-19,71251953;-55,41121706;138,6258;144,259;5,6332;5,68;-0,0468;#REF!
1514C;91293;CENTRO-OESTE;MATO GROSSO DO SUL;-20,06224633;-55,63642528;152,0943;158,582;6,4877;6,59;-0,1023;#REF!
1518J;91301;CENTRO-OESTE;MATO GROSSO DO SUL;-21,63086508;-55,56966897;562,9441;569,769;6,8249;6,82;0,0049;#REF!
1520C;91299;CENTRO-OESTE;MATO GROSSO DO SUL;-21,69291261;-54,70756881;384,4296;386,637;2,2074;2,22;-0,0126;#REF!
1531Z;91306;CENTRO-OESTE;MATO GROSSO DO SUL;-22,36925956;-54,20897372;435,6806;435,734;0,0534;0,31;-0,2566;#REF!
1535L;91302;CENTRO-OESTE;MATO GROSSO DO SUL;-22,47062792;-55,40095303;573,3569;579,989;6,6321;6,59;0,0421;#REF!
1538M;92797;CENTRO-OESTE;MATO GROSSO DO SUL;-22,45584178;-54,84044706;415,8753;419,118;3,2427;3,43;-0,1873;#REF!
1540J;92798;CENTRO-OESTE;MATO GROSSO DO SUL;-23,22141456;-55,20734342;452,6887;457,982;5,2933;5,37;-0,0767;#REF!
1540V;91303;CENTRO-OESTE;MATO GROSSO DO SUL;-23,45750664;-55,15868897;414,0445;419,045;5,0005;5,05;-0,0495;#REF!
1549G;92801;CENTRO-OESTE;MATO GROSSO DO SUL;-23,75758006;-54,30602139;340,5944;343,006;2,4116;2,53;-0,1184;#REF!
1557E;91298;CENTRO-OESTE;MATO GROSSO DO SUL;-20,72961331;-56,62789222;398,0049;409,997;11,9921;11,88;0,1121;#REF!
1561R;92799;CENTRO-OESTE;MATO GROSSO DO SUL;-23,67595908;-55,39455294;343,2917;349,418;6,1263;6,14;-0,0137;#REF!
1563E;92800;CENTRO-OESTE;MATO GROSSO DO SUL;-23,97959081;-55,04033442;418,4996;423,764;5,2644;5,26;0,0044;#REF!
1564T;91304;CENTRO-OESTE;MATO GROSSO DO SUL;-23,53456778;-54,39535197;364,7957;366,869;2,0733;2,19;-0,1167;#REF!
1571H;91305;CENTRO-OESTE;MATO GROSSO DO SUL;-22,63953283;-54,04144656;382,6504;382,206;-0,4444;-0,31;-0,1344;#REF!
2258B;92723;CENTRO-OESTE;MATO GROSSO DO SUL;-18,17924461;-54,63763017;336,3815;337,581;1,1995;1,45;-0,2505;#REF!
2259D;91296;CENTRO-OESTE;MATO GROSSO DO SUL;-17,982899;-54,22640822;381,0665;380,334;-0,7325;-0,57;-0,1625;#REF!
255X;91289;CENTRO-OESTE;MATO GROSSO DO SUL;-20,55540486;-52,49993986;323,0012;317,679;-5,3222;-5,09;-0,2322;#REF!
258Y;91291;CENTRO-OESTE;MATO GROSSO DO SUL;-20,42918222;-55,31919992;194,6976;199,593;4,8954;4,76;0,1354;#REF!
3287D;92725;CENTRO-OESTE;MATO GROSSO DO SUL;-19,00028142;-57,62961472;142,8603;156,591;13,7307;13,81;-0,0793;#REF!
2483A;96514;NORDESTE;ALAGOAS;-9,760654111;-36,50675294;194,2789;186,652;-7,6269;-7,83;0,2031;#REF!
2515Z;96513;NORDESTE;ALAGOAS;-9,519784889;-36,9875975;190,4478;181,969;-8,4788;-8,54;0,0612;#REF!
2522M;93242;NORDESTE;ALAGOAS;-9,386775806;-37,99139433;233,1572;222,872;-10,2852;-10,3;0,0148;#REF!
2539X;93243;NORDESTE;ALAGOAS;-9,137575889;-37,31536822;396,1662;387,866;-8,3002;-8,44;0,1398;#REF!
1168C;93248;NORDESTE;BAHIA;-15,24194756;-40,32702331;328,3184;318,358;-9,9604;-10,07;0,1096;#REF!
1184N;93077;NORDESTE;BAHIA;-14,20354842;-42,757668;542,647;529,641;-13,006;-12,93;-0,076;#REF!
1184V;93078;NORDESTE;BAHIA;-14,21581433;-42,84318192;508,0783;495,124;-12,9543;-12,95;-0,0043;#REF!
1369E;93264;NORDESTE;BAHIA;-12,79357817;-45,95172892;761,007;747,183;-13,824;-13,79;-0,034;#REF!
2295G;93263;NORDESTE;BAHIA;-13,41246467;-44,72095667;713,497;701,434;-12,063;-12,08;0,017;#REF!
2295R;93080;NORDESTE;BAHIA;-13,34140497;-44,63726489;569,679;557,382;-12,297;-12,26;-0,037;#REF!
2300H;93266;NORDESTE;BAHIA;-12,70919944;-44,56589117;775,8569;762,297;-13,5599;-13,47;-0,0899;#REF!
2302R;93083;NORDESTE;BAHIA;-12,16497817;-45,00862619;444,3081;429,295;-15,0131;-14,91;-0,1031;#REF!
2303H;93265;NORDESTE;BAHIA;-12,430357;-45,084385;524,7628;511,219;-13,5438;-14,01;0,4662;#REF!
232O;93289;NORDESTE;BAHIA;-14,12006919;-40,2301735;298,4745;288,947;-9,5275;-9,68;0,1525;#REF!
2361E;93285;NORDESTE;BAHIA;-12,98413997;-44,04920136;531,8772;518,057;-13,8202;-13,78;-0,0402;#REF!
2501Z;93124;NORDESTE;BAHIA;-10,535493;-38,384022;430,2478;415,919;-14,3288;-14,13;-0,1988;#REF!
2556A;93135;NORDESTE;BAHIA;-11,55608983;-38,133931;168,8963;157,083;-11,8133;-11,78;-0,0333;#REF!
2558X;93305;NORDESTE;BAHIA;-11,95896883;-37,95308347;84,4796;73,953;-10,5266;-10,42;-0,1066;#REF!
2560A;93131;NORDESTE;BAHIA;-12,165413;-38,475768;220,4495;208,289;-12,1605;-11,98;-0,1805;#REF!
2561L;93125;NORDESTE;BAHIA;-10,70119819;-38,19899508;252,5942;239,774;-12,8202;-12,59;-0,2302;#REF!
2564D;93136;NORDESTE;BAHIA;-11,62612289;-38,30135486;274,2727;261,286;-12,9867;-12,78;-0,2067;#REF!
2567P;93138;NORDESTE;BAHIA;-12,65094308;-38,33879533;53,7121;42,342;-11,3701;-11,24;-0,1301;#REF!
2576S;93130;NORDESTE;BAHIA;-11,67570422;-38,99619847;344,1188;332,095;-12,0238;-12;-0,0238;#REF!
2577M;93129;NORDESTE;BAHIA;-12,07394433;-38,96964081;241,3761;229,845;-11,5311;-11,48;-0,0511;#REF!
2605N;93119;NORDESTE;BAHIA;-10,56082733;-38,99007925;395,727;382,892;-12,835;-12,72;-0,115;#REF!
263X;93302;NORDESTE;BAHIA;-15,09822114;-39,99588742;246,7948;236,51;-10,2848;-10,38;0,0952;#REF!
2719N;93092;NORDESTE;BAHIA;-9,410191083;-40,81633922;400,662;387,001;-13,661;-13,58;-0,081;#REF!
2719P;93093;NORDESTE;BAHIA;-9,429485472;-40,82666978;399,0217;385,339;-13,6827;-13,61;-0,0727;#REF!
2719X;93091;NORDESTE;BAHIA;-9,489627111;-40,80819103;381,8828;368,203;-13,6798;-13,57;-0,1098;#REF!
2720V;93089;NORDESTE;BAHIA;-9,470142944;-40,54451003;374,2487;361,041;-13,2077;-13,08;-0,1277;#REF!
2774S;93268;NORDESTE;BAHIA;-10,87145281;-45,14512958;532,6981;516,199;-16,4991;-16,33;-0,1691;#REF!
2776N;93267;NORDESTE;BAHIA;-11,502677;-44,957125;505,2625;488,085;-17,1775;-16,96;-0,2175;#REF!
278H;93304;NORDESTE;BAHIA;-12,13468056;-39,33811969;245,2172;234,074;-11,1432;-11,24;0,0968;#REF!
2792B;93253;NORDESTE;BAHIA;-10,66587803;-39,51832714;370,7654;358,621;-12,1444;-12,21;0,0656;#REF!
2796G;93280;NORDESTE;BAHIA;-10,23608906;-40,20394086;674,8515;662,743;-12,1085;-12,1;-0,0085;#REF!
285C;93288;NORDESTE;BAHIA;-13,59498308;-41,36731936;1161,1113;1149,856;-11,2553;-11,4;0,1447;#REF!
289S;93308;NORDESTE;BAHIA;-11,17031753;-40,54122914;467,8062;455,701;-12,1052;-12,05;-0,0552;#REF!
296X;93127;NORDESTE;BAHIA;-10,89264792;-38,50996161;209,7491;194,877;-14,8721;-14,82;-0,0521;#REF!
310N;93281;NORDESTE;BAHIA;-11,05944;-42,310874;459,5591;443,603;-15,9561;-15,56;-0,3961;#REF!
314D;93122;NORDESTE;BAHIA;-9,936267556;-38,74820375;321,4322;308,807;-12,6252;-12,43;-0,1952;#REF!
317B;93126;NORDESTE;BAHIA;-10,20075931;-37,86736781;250,9831;240,734;-10,2491;-10,27;0,0209;#REF!
317T;93123;NORDESTE;BAHIA;-10,0851945;-38,28275244;255,9183;243,867;-12,0513;-11,97;-0,0813;#REF!
3266V;93249;NORDESTE;BAHIA;-15,96642036;-39,52655917;179,8408;170,743;-9,0978;-9,2;0,1022;#REF!
3272G;93250;NORDESTE;BAHIA;-17,02647719;-39,54000858;130,697;121,869;-8,828;-8,96;0,132;#REF!
3277H;93251;NORDESTE;BAHIA;-18,07742825;-39,54539233;4,6347;-3,313;-7,9477;-8,09;0,1423;#REF!
342Y;93120;NORDESTE;BAHIA;-9,850725944;-39,14320089;411,8941;400,25;-11,6441;-11,67;0,0259;#REF!
3600J;93134;NORDESTE;BAHIA;-12,97456764;-39,22509719;201,9346;190,702;-11,2326;-11,16;-0,0726;#REF!
3606R;93190;NORDESTE;BAHIA;-12,21690636;-37,83248075;28,4003;18,096;-10,3043;-10,28;-0,0243;#REF!
3608E;93306;NORDESTE;BAHIA;-11,82045;-37,63530442;20,8153;10,483;-10,3323;-10,23;-0,1023;#REF!
3614A;91312;NORDESTE;BAHIA;-14,21721336;-39,31601222;122,5946;113,844;-8,7506;-8,75;-0,0006;#REF!
3616N;93247;NORDESTE;BAHIA;-13,640456;-39,487434;271,6855;261,345;-10,3405;-10,23;-0,1105;#REF!
3618C;93097;NORDESTE;BAHIA;-12,8919745;-38,31597611;16,3572;5,718;-10,6392;-10,72;0,0808;#REF!
3618F;93098;NORDESTE;BAHIA;-12,89843344;-38,29722167;2,4353;-8,216;-10,6513;-10,71;0,0587;#REF!
3618G;93099;NORDESTE;BAHIA;-12,90596353;-38,30322075;2,883;-7,779;-10,662;-10,73;0,068;#REF!
3619D;93101;NORDESTE;BAHIA;-12,96031283;-38,39660978;5,8578;-4,805;-10,6628;-10,84;0,1772;#REF!
3619F;93102;NORDESTE;BAHIA;-12,96863869;-38,41067622;15,2062;4,495;-10,7112;-10,84;0,1288;#REF!
3619M;93103;NORDESTE;BAHIA;-12,99108961;-38,43998211;4,3344;-6,46;-10,7944;-10,84;0,0456;#REF!
3619N;93104;NORDESTE;BAHIA;-12,99823133;-38,4461945;5,8223;-5,043;-10,8653;-10,85;-0,0153;#REF!
3620A;93105;NORDESTE;BAHIA;-13,01124906;-38,50798125;3,3538;-7,552;-10,9058;-10,91;0,0042;#REF!
3620C;93036;NORDESTE;BAHIA;-13,00827272;-38,51168533;47,0685;36,18;-10,8885;-10,91;0,0215;#REF!
3620D;93111;NORDESTE;BAHIA;-13,00866989;-38,51235911;46,647;35,755;-10,892;-10,91;0,018;#REF!
3620G;93106;NORDESTE;BAHIA;-13,01082928;-38,52390233;24,7149;13,859;-10,8559;-10,93;0,0741;#REF!
3620S;93107;NORDESTE;BAHIA;-12,97400336;-38,51456942;2,9334;-8,016;-10,9494;-10,93;-0,0194;#REF!
3620V;93109;NORDESTE;BAHIA;-12,92306267;-38,36016381;19,2094;8,737;-10,4724;-10,8;0,3276;#REF!
3621L;93112;NORDESTE;BAHIA;-12,94962883;-38,43216814;61,6741;51,031;-10,6431;-10,78;0,1369;#REF!
3621N;93117;NORDESTE;BAHIA;-12,95492;-38,428655;38,5535;27,404;-11,1495;-10,78;-0,3695;#REF!
3622D;93115;NORDESTE;BAHIA;-12,97759181;-38,50256903;43,7586;32,914;-10,8446;-10,9;0,0554;#REF!
3622H;93108;NORDESTE;BAHIA;-12,92060711;-38,35358717;29,6562;18,857;-10,7992;-10,79;-0,0092;#REF!
3623Z;93032;NORDESTE;BAHIA;-13,29830006;-43,74039456;462,2311;448,28;-13,9511;-13,89;-0,0611;#REF!
3627U;93286;NORDESTE;BAHIA;-13,60964383;-42,94100153;627,2051;613,252;-13,9531;-13,99;0,0369;#REF!
3628V;93287;NORDESTE;BAHIA;-13,76867356;-42,72105283;772,5895;759,035;-13,5545;-13,62;0,0655;#REF!
3630V;93194;NORDESTE;BAHIA;-12,97383381;-38,51740203;1,8088;-9,057;-10,8658;-10,94;0,0742;#REF!
3636S;93189;NORDESTE;BAHIA;-12,94626722;-38,42287606;46,6058;35,947;-10,6588;-10,8;0,1412;#REF!
3640A;93195;NORDESTE;BAHIA;-12,97389839;-38,51724986;2,2087;-8,661;-10,8697;-10,94;0,0703;#REF!
3643X;93279;NORDESTE;BAHIA;-10,83752833;-40,11291661;349,778;337,479;-12,299;-12,24;-0,059;#REF!
3645T;93255;NORDESTE;BAHIA;-11,36263369;-40,01354008;404,0854;392,406;-11,6794;-11,7;0,0206;#REF!
3648M;93252;NORDESTE;BAHIA;-11,7967665;-39,41058664;221,8004;210,399;-11,4014;-11,46;0,0586;#REF!
3650S;93188;NORDESTE;BAHIA;-12,23923594;-38,97978522;240,4793;229,039;-11,4403;-11,46;0,0197;#REF!
3654M;93303;NORDESTE;BAHIA;-14,20967369;-42,08945283;648,2169;634,617;-13,5999;-13,53;-0,0699;#REF!
3659D;93272;NORDESTE;BAHIA;-14,59612492;-41,23945542;440,4643;428,51;-11,9543;-11,89;-0,0643;#REF!
3659J;93271;NORDESTE;BAHIA;-14,60146847;-41,16263758;410,434;398,62;-11,814;-11,71;-0,104;#REF!
3659V;93273;NORDESTE;BAHIA;-14,55756367;-41,15553717;437,9968;426,05;-11,9468;-11,85;-0,0968;#REF!
3660G;93274;NORDESTE;BAHIA;-14,40280708;-41,11487436;414,1169;401,85;-12,2669;-12,11;-0,1569;#REF!
3660P;93275;NORDESTE;BAHIA;-14,30288511;-41,150379;406,0272;393,53;-12,4972;-12,39;-0,1072;#REF!
3660X;93276;NORDESTE;BAHIA;-14,20588028;-41,20731411;341,1736;328,43;-12,7436;-12,54;-0,2036;#REF!
3661H;93277;NORDESTE;BAHIA;-14,08042889;-41,18653394;379,3618;366,8;-12,5618;-12,5;-0,0618;#REF!
3661R;93278;NORDESTE;BAHIA;-13,99016597;-41,13675711;348,6449;336,21;-12,4349;-12,3;-0,1349;#REF!
3662B;93290;NORDESTE;BAHIA;-13,85081606;-41,06431083;372,064;359,84;-12,224;-12,08;-0,144;#REF!
3662R;93291;NORDESTE;BAHIA;-13,72581239;-40,97899853;413,9876;401,95;-12,0376;-11,92;-0,1176;#REF!
3662X;93292;NORDESTE;BAHIA;-13,68051444;-40,91033136;435,1478;423,27;-11,8778;-11,83;-0,0478;#REF!
3663G;93293;NORDESTE;BAHIA;-13,61481864;-40,80082536;384,9818;373,31;-11,6718;-11,63;-0,0418;#REF!
3663U;93294;NORDESTE;BAHIA;-13,53825336;-40,65318719;386,8313;375,75;-11,0813;-11,09;0,0087;#REF!
3664E;93295;NORDESTE;BAHIA;-13,53621786;-40,55412486;703,58;693,15;-10,43;-10,61;0,18;#REF!
3664L;93296;NORDESTE;BAHIA;-13,61258556;-40,47769328;677,0562;666,98;-10,0762;-10,21;0,1338;#REF!
3664S;91313;NORDESTE;BAHIA;-13,68722172;-40,41058336;633,9528;624,05;-9,9028;-10,04;0,1372;#REF!
3664T;93297;NORDESTE;BAHIA;-13,69508197;-40,39253433;636,623;626,78;-9,843;-10;0,157;#REF!
3665B;93298;NORDESTE;BAHIA;-13,74809606;-40,29855014;681,8465;672,16;-9,6865;-9,84;0,1535;#REF!
3665J;93299;NORDESTE;BAHIA;-13,83293114;-40,19992686;299,8049;290,15;-9,6549;-9,82;0,1651;#REF!
3665M;93301;NORDESTE;BAHIA;-13,85558317;-40,18193653;210,4961;200,81;-9,6861;-9,81;0,1239;#REF!
3666F;93147;NORDESTE;BAHIA;-13,87799833;-40,06950303;198,9549;189,26;-9,6949;-9,73;0,0351;#REF!
3666J;93300;NORDESTE;BAHIA;-13,88344247;-40,03238486;192,86;183,25;-9,61;-9,74;0,13;#REF!
3666V;93309;NORDESTE;BAHIA;-14,00870319;-39,90745631;188,8663;179,06;-9,8063;-9,91;0,1037;#REF!
3667A;91311;NORDESTE;BAHIA;-14,00835114;-39,86955092;158,2829;148,41;-9,8729;-9,96;0,0871;#REF!
3667E;93310;NORDESTE;BAHIA;-14,05089886;-39,812257;154,9663;145,1;-9,8663;-9,95;0,0837;#REF!
3667P;93311;NORDESTE;BAHIA;-14,14450658;-39,71473331;139,6342;129,9;-9,7342;-9,83;0,0958;#REF!
3667V;93312;NORDESTE;BAHIA;-14,19588039;-39,62583772;141,3108;131,84;-9,4708;-9,51;0,0392;#REF!
3668E;93146;NORDESTE;BAHIA;-14,21406536;-39,52194778;107,3328;98,12;-9,2128;-9,24;0,0272;#REF!
3671H;99549;NORDESTE;BAHIA;-13,87127703;-40,09911053;199,5117;189,73;-9,7817;-9,7;-0,0817;#REF!
801L;93084;NORDESTE;BAHIA;-9,612356;-42,092502;415,4067;399,41;-15,9967;-15,73;-0,2667;#REF!
801N;93086;NORDESTE;BAHIA;-9,576821;-42,131325;416,0676;400,106;-15,9616;-15,7;-0,2616;#REF!
889X;93284;NORDESTE;BAHIA;-12,36552764;-42,456736;492,8948;477,718;-15,1768;-15,12;-0,0568;#REF!
891D;93269;NORDESTE;BAHIA;-11,86569269;-42,69890472;725,7926;710,862;-14,9306;-14,98;0,0494;#REF!
895F;93283;NORDESTE;BAHIA;-12,17172322;-43,19846072;438,2282;422,094;-16,1342;-16,08;-0,0542;#REF!
1614C;92185;NORDESTE;CEARÁ;-4,120935361;-38,26533658;19,6331;11,039;-8,5941;-8,39;-0,2041;#REF!
1614J;92184;NORDESTE;CEARÁ;-4,205093944;-38,227444;13,7351;5,188;-8,5471;-8,37;-0,1771;#REF!
1654H;92188;NORDESTE;CEARÁ;-3,706925389;-40,35912969;68,3463;53,895;-14,4513;-14,29;-0,1613;#REF!
1674H;92339;NORDESTE;CEARÁ;-6,227641611;-40,675377;475,3212;462,688;-12,6332;-12,49;-0,1432;#REF!
1691H;92355;NORDESTE;CEARÁ;-4,970897278;-38,0094915;28,6531;20,774;-7,8791;-7,85;-0,0291;#REF!
1850X;92176;NORDESTE;CEARÁ;-3,774664667;-39,23755581;85,2208;74,435;-10,7858;-10,61;-0,1758;#REF!
1851E;92174;NORDESTE;CEARÁ;-3,828590639;-39,26602711;62,6183;51,737;-10,8813;-10,68;-0,2013;#REF!
1869A;92315;NORDESTE;CEARÁ;-6,874121472;-39,50414928;337,6231;327,231;-10,3921;-10,44;0,0479;#REF!
1869L;92319;NORDESTE;CEARÁ;-6,791290694;-39,30568169;308,059;297,582;-10,477;-10,45;-0,027;#REF!
1896F;92352;NORDESTE;CEARÁ;-6,0132435;-38,33124789;182,6367;174,836;-7,8007;-7,82;0,0193;#REF!
2402M;92314;NORDESTE;CEARÁ;-7,308934778;-39,55921781;916,4289;906,702;-9,7269;-9,79;0,0631;#REF!
2622G;92341;NORDESTE;CEARÁ;-5,58107575;-39,36340603;175,0307;164,449;-10,5817;-10,46;-0,1217;#REF!
2629C;92348;NORDESTE;CEARÁ;-7,084514833;-40,31633444;602,6612;592,062;-10,5992;-10,48;-0,1192;#REF!
2661V;92000;NORDESTE;CEARÁ;-3,745785167;-38,58243575;26,7827;17,726;-9,0567;-9,05;-0,0067;#REF!
2721R;92006;NORDESTE;CEARÁ;-3,877817333;-38,42688336;24,8728;16,13;-8,7428;-8,73;-0,0128;#REF!
2728S;92168;NORDESTE;CEARÁ;-3,769408667;-38,47516253;17,2766;8,287;-8,9896;-8,92;-0,0696;#REF!
2728T;92169;NORDESTE;CEARÁ;-3,768276528;-38,47527853;17,3113;8,2;-9,1113;-8,92;-0,1913;#REF!
2728V;92170;NORDESTE;CEARÁ;-3,766435278;-38,47912342;16,5012;7,517;-8,9842;-8,92;-0,0642;#REF!
2742X;92172;NORDESTE;CEARÁ;-3,747402917;-38,44966244;6,9295;-1,963;-8,8925;-8,88;-0,0125;#REF!
2748H;92327;NORDESTE;CEARÁ;-3,692929639;-38,58669006;4,1598;-4,912;-9,0718;-9,06;-0,0118;#REF!
2787R;96554;NORDESTE;CEARÁ;-3,743788;-38,61937839;18,0657;8,929;-9,1367;-9,1;-0,0367;#REF!
2791D;92300;NORDESTE;CEARÁ;-7,238018694;-39,4156055;446,0553;436,051;-10,0043;-10,04;0,0357;#REF!
2791N;92400;NORDESTE;CEARÁ;-3,726216667;-38,47461222;57,364;48,419;-8,945;-8,93;-0,015;#REF!
4309A;92406;NORDESTE;CEARÁ;-3,794179167;-38,55757333;28,7667;19,704;-9,0627;-9,01;-0,0527;#REF!
4309C;92385;NORDESTE;CEARÁ;-4,347233444;-39,30106161;140,2872;129,923;-10,3642;-10,42;0,0558;#REF!
4309D;92375;NORDESTE;CEARÁ;-4,794579889;-40,06301667;704,4237;692,413;-12,0107;-12,1;0,0893;#REF!
4309E;92387;NORDESTE;CEARÁ;-4,847389056;-39,57647664;308,8251;298,291;-10,5341;-10,7;0,1659;#REF!
4309F;92365;NORDESTE;CEARÁ;-5,569737833;-39,35565472;175,5117;165,003;-10,5087;-10,43;-0,0787;#REF!
4309G;92366;NORDESTE;CEARÁ;-6,090603417;-39,46066556;299,8655;289,075;-10,7905;-10,86;0,0695;#REF!
4309H;92378;NORDESTE;CEARÁ;-6,349859444;-39,29294917;215,9175;205,1;-10,8175;-10,94;0,1225;#REF!
4309J;92369;NORDESTE;CEARÁ;-5,900745722;-38,63092433;122,3601;113,61;-8,7501;-8,82;0,0699;#REF!
4309L;92383;NORDESTE;CEARÁ;-4,936519833;-37,98369914;20,5501;12,735;-7,8151;-7,87;0,0549;#REF!
4309N;92358;NORDESTE;CEARÁ;-7,691721611;-39,00909958;446,1274;436,396;-9,7314;-9,68;-0,0514;#REF!
4309P;92360;NORDESTE;CEARÁ;-7,244890333;-39,30705869;430,6462;420,46;-10,1862;-10,13;-0,0562;#REF!
4309T;92374;NORDESTE;CEARÁ;-5,211723667;-40,70232075;313,4955;299,221;-14,2745;-14,17;-0,1045;#REF!
4309V;92398;NORDESTE;CEARÁ;-4,578911667;-38,36719956;61,7964;53,57;-8,2264;-8,33;0,1036;#REF!
4309X;92384;NORDESTE;CEARÁ;-4,979947722;-38,98937503;207,7394;198,687;-9,0524;-9,16;0,1076;#REF!
4330U;92367;NORDESTE;CEARÁ;-6,6499345;-38,69639669;277,7754;268,364;-9,4114;-9,52;0,1086;#REF!
4331E;92359;NORDESTE;CEARÁ;-7,187103694;-38,77331514;420,9671;411,414;-9,5531;-9,54;-0,0131;#REF!
4331N;92361;NORDESTE;CEARÁ;-6,794216917;-39,29221508;311,8982;301,622;-10,2762;-10,44;0,1638;#REF!
4332M;92371;NORDESTE;CEARÁ;-6,004538139;-40,29863139;397,2936;385,329;-11,9646;-11,99;0,0254;#REF!
4347N;92376;NORDESTE;CEARÁ;-4,708409194;-40,5584685;251,9166;237,271;-14,6456;-14,62;-0,0256;#REF!
4347S;92373;NORDESTE;CEARÁ;-5,540692194;-40,76981836;363,656;349,671;-13,985;-13,83;-0,155;#REF!
4348D;96556;NORDESTE;CEARÁ;-3,372917194;-39,29450497;49,683;38,903;-10,78;-10,76;-0,02;#REF!
4350S;92397;NORDESTE;CEARÁ;-2,919088556;-39,91889969;17,5125;4,702;-12,8105;-12,85;0,0395;#REF!
459I;92344;NORDESTE;CEARÁ;-4,978775222;-39,01888239;185,6476;176,444;-9,2036;-9,23;0,0264;#REF!
467V;92178;NORDESTE;CEARÁ;-4,3628675;-38,80200136;143,6885;134,666;-9,0225;-8,97;-0,0525;#REF!
467Y;92179;NORDESTE;CEARÁ;-4,37229675;-38,81793539;105,3578;96,218;-9,1398;-9;-0,1398;#REF!
471C;92181;NORDESTE;CEARÁ;-4,478426139;-39,07780186;237,4765;227,892;-9,5845;-9,57;-0,0145;#REF!
504B;92336;NORDESTE;CEARÁ;-5,219613;-40,59053908;335,0891;321,026;-14,0631;-13,92;-0,1431;#REF!
522B;92197;NORDESTE;CEARÁ;-4,157629;-40,77015708;940,4385;926,098;-14,3405;-14,36;0,0195;#REF!
522F;92198;NORDESTE;CEARÁ;-4,199523167;-40,75895433;880,1305;865,722;-14,4085;-14,37;-0,0385;#REF!
525E;92194;NORDESTE;CEARÁ;-3,128582889;-40,14583897;17,0071;3,564;-13,4431;-13,29;-0,1531;#REF!
533F;92191;NORDESTE;CEARÁ;-3,034017667;-41,24386189;11,2296;-5,88;-17,1096;-17,02;-0,0896;#REF!
569M;92338;NORDESTE;CEARÁ;-6,214990917;-40,68598981;475,1154;462,449;-12,6664;-12,52;-0,1464;#REF!
9328D;92187;NORDESTE;CEARÁ;-3,689095444;-40,34189233;67,2144;52,838;-14,3764;-14,26;-0,1164;#REF!
9523S;92001;NORDESTE;CEARÁ;-3,815996056;-38,42571522;59,6618;50,955;-8,7068;-8,79;0,0832;#REF!
2664Z;96550;NORDESTE;MARANHÃO;-3,733159;-43,457788;47,4073;25,182;-22,2253;-22,02;-0,2053;#REF!
2666B;93262;NORDESTE;MARANHÃO;-4,247306;-43,016677;62,835;40,585;-22,25;-21,91;-0,34;#REF!
2694A;93261;NORDESTE;MARANHÃO;-4,118844;-44,127604;35,2052;10,096;-25,1092;-24,66;-0,4492;#REF!
2729G;92158;NORDESTE;MARANHÃO;-5,49225;-47,495813;121,5186;96,431;-25,0876;-24,61;-0,4776;#REF!
2729H;92159;NORDESTE;MARANHÃO;-5,491881;-47,498328;120,2947;95,204;-25,0907;-24,6;-0,4907;#REF!
2729J;92160;NORDESTE;MARANHÃO;-5,489865;-47,498077;120,617;95,549;-25,068;-24,6;-0,468;#REF!
2729L;92161;NORDESTE;MARANHÃO;-5,490226;-47,495603;122,5515;97,469;-25,0825;-24,61;-0,4725;#REF!
2729M;92162;NORDESTE;MARANHÃO;-5,476506;-47,499591;173,8118;148,748;-25,0638;-24,6;-0,4638;#REF!
2729X;92166;NORDESTE;MARANHÃO;-5,474588;-47,484566;185,7326;160,628;-25,1046;-24,61;-0,4946;#REF!
2738C;96548;NORDESTE;MARANHÃO;-2,182423;-45,873015;64,8373;38,012;-26,8253;-26,4;-0,4253;#REF!
2766G;96543;NORDESTE;MARANHÃO;-5,345744;-44,475222;126,5267;102,007;-24,5197;-24,03;-0,4897;#REF!
4315N;96547;NORDESTE;MARANHÃO;-4,475165;-46,855095;165,7724;138,972;-26,8004;-26,43;-0,3704;#REF!
845L;96546;NORDESTE;MARANHÃO;-5,768704;-46,07044;214,5273;188,416;-26,1113;-25,7;-0,4113;#REF!
854N;96544;NORDESTE;MARANHÃO;-7,043084389;-44,60025411;262,6072;239,921;-22,6862;-22,49;-0,1962;#REF!
858G;96549;NORDESTE;MARANHÃO;-3,579631;-44,658179;13,6398;-13,557;-27,1968;-26,8;-0,3968;#REF!
862M;92568;NORDESTE;MARANHÃO;-3,909315;-45,589766;36,8787;8,81;-28,0687;-27,84;-0,2287;#REF!
862X;92567;NORDESTE;MARANHÃO;-4,021707;-45,754452;46,3955;18,397;-27,9985;-27,74;-0,2585;#REF!
9528B;92206;NORDESTE;MARANHÃO;-3,056356;-45,638422;63,6369;35,658;-27,9789;-27,53;-0,4489;#REF!
9529A;90828;NORDESTE;MARANHÃO;-4,246817;-46,199048;295,3964;268,005;-27,3914;-27,2;-0,1914;#REF!
1837D;96509;NORDESTE;PARAÍBA;-6,769814778;-37,79614603;187,5316;179,583;-7,9486;-7,98;0,0314;#REF!
1883L;96510;NORDESTE;PARAÍBA;-7,353839306;-38,14972878;321,5451;313,073;-8,4721;-8,5;0,0279;#REF!
2452U;96508;NORDESTE;PARAÍBA;-7,158589139;-36,79653497;545,7851;540,98;-4,8051;-5,05;0,2449;#REF!
435X;96506;NORDESTE;PARAÍBA;-6,783258056;-35,97532314;429,7434;425,978;-3,7654;-4;0,2346;#REF!
1807P;96520;NORDESTE;PERNAMBUCO;-7,991881333;-38,298692;429,8804;421,195;-8,6854;-8,75;0,0646;#REF!
1811V;96518;NORDESTE;PERNAMBUCO;-8,369996;-36,594488;678,7345;673,003;-5,7315;-5,9;0,1685;#REF!
2476U;96517;NORDESTE;PERNAMBUCO;-8,768023;-36,249865;679,3415;673,764;-5,5775;-5,81;0,2325;#REF!
2718T;93088;NORDESTE;PERNAMBUCO;-9,365032806;-40,56515292;383,6528;370,505;-13,1478;-13,09;-0,0578;#REF!
348T;96519;NORDESTE;PERNAMBUCO;-8,688812417;-37,86517964;602,579;593,568;-9,011;-8,91;-0,101;#REF!
3640F;99572;NORDESTE;PERNAMBUCO;-8,063162889;-34,87113878;3,2453;-2,269;-5,5143;-5,75;0,2357;#REF!
3640Z;93110;NORDESTE;PERNAMBUCO;-8,050963806;-34,95151642;25,6096;20,179;-5,4306;-5,53;0,0994;#REF!
3672A;93315;NORDESTE;PERNAMBUCO;-8,307141889;-35,07226936;51,1579;45,621;-5,5369;-5,68;0,1431;#REF!
3672U;93317;NORDESTE;PERNAMBUCO;-8,30677925;-35,25559331;95,7293;90,192;-5,5373;-5,59;0,0527;#REF!
3673L;93319;NORDESTE;PERNAMBUCO;-8,154340222;-35,26393719;327,1681;321,772;-5,3961;-5,48;0,0839;#REF!
3675C;93321;NORDESTE;PERNAMBUCO;-8,058470111;-34,95228519;9,3843;3,938;-5,4463;-5,55;0,1037;#REF!
3675H;93316;NORDESTE;PERNAMBUCO;-8,364107444;-35,21512644;95,7579;90,249;-5,5089;-5,64;0,1311;#REF!
2608J;96539;NORDESTE;PIAUÍ;-3,839444;-42,417813;72,8463;52,045;-20,8013;-20,65;-0,1513;#REF!
2609F;96535;NORDESTE;PIAUÍ;-6,4777445;-42,33977444;422,0681;403,009;-19,0591;-18,93;-0,1291;#REF!
2623L;96522;NORDESTE;PIAUÍ;-6,994313556;-41,36631181;220,8999;206,031;-14,8689;-14,74;-0,1289;#REF!
2642R;96532;NORDESTE;PIAUÍ;-7,353762917;-40,76329231;482,1763;470,368;-11,8083;-11,73;-0,0783;#REF!
2669A;96526;NORDESTE;PIAUÍ;-9,058806778;-44,31516039;258,9824;240,926;-18,0564;-17,94;-0,1164;#REF!
2670H;96529;NORDESTE;PIAUÍ;-9,825378;-45,334722;496,2645;479,167;-17,0975;-16,97;-0,1275;#REF!
2672D;96528;NORDESTE;PIAUÍ;-10,51952586;-45,18848661;519,8673;504,538;-15,3293;-15,36;0,0307;#REF!
2758B;96530;NORDESTE;PIAUÍ;-6,768429806;-43,01938672;113,556;92,725;-20,831;-20,61;-0,221;#REF!
2761E;96525;NORDESTE;PIAUÍ;-8,087074611;-42,95128803;267,4645;249,704;-17,7605;-17,48;-0,2805;#REF!
529U;96541;NORDESTE;PIAUÍ;-3,8999;-41,71095992;92,1016;73,822;-18,2796;-18,06;-0,2196;#REF!
533D;92192;NORDESTE;PIAUÍ;-3,073741861;-41,26327017;16,7283;-0,39;-17,1183;-17,04;-0,0783;#REF!
545H;96538;NORDESTE;PIAUÍ;-5,466725111;-41,34298633;269,8898;254,245;-15,6448;-15,83;0,1852;#REF!
561H;96537;NORDESTE;PIAUÍ;-4,970316;-42,374193;154,4151;133,782;-20,6331;-20,39;-0,2431;#REF!
567V;96534;NORDESTE;PIAUÍ;-6,263803556;-41,40405433;286,9211;271,174;-15,7471;-15,6;-0,1471;#REF!
574E;96536;NORDESTE;PIAUÍ;-5,5880675;-42,61415664;137,6626;116,873;-20,7896;-20,65;-0,1396;#REF!
591A;96523;NORDESTE;PIAUÍ;-7,885801694;-41,89089942;305,9828;290,655;-15,3278;-15,37;0,0422;#REF!
593B;96533;NORDESTE;PIAUÍ;-8,103693889;-41,07392375;370,0663;357,824;-12,2423;-12,23;-0,0123;#REF!
874J;96527;NORDESTE;PIAUÍ;-10,11239172;-44,21756156;354,0216;339,291;-14,7306;-14,91;0,1794;#REF!
2418V;96505;NORDESTE;RIO GRANDE DO NORTE;-6,116193333;-35,67999467;145,221;140,849;-4,372;-4,56;0,188;#REF!
2648J;96504;NORDESTE;RIO GRANDE DO NORTE;-5,561011361;-35,74110575;110,2491;105,428;-4,8211;-5,1;0,2789;#REF!
440G;96502;NORDESTE;RIO GRANDE DO NORTE;-5,788938861;-37,5595585;157,8478;150,934;-6,9138;-7;0,0862;#REF!
2525X;96512;NORDESTE;SERGIPE;-9,9861;-37,095139;46,3154;37,045;-9,2704;-9,26;-0,0104;#REF!
2550R;96511;NORDESTE;SERGIPE;-10,94340828;-37,19961597;57,5366;47,296;-10,2406;-10,35;0,1094;#REF!
324E;93137;NORDESTE;SERGIPE;-11,11096664;-37,84836869;225,2355;215,378;-9,8575;-9,9;0,0425;#REF!
778J;91285;NORTE;AMAZONAS;-8,251270667;-63,93121628;80,2756;91,095;10,8194;11,13;-0,3106;#REF!
780L;92831;NORTE;AMAZONAS;-7,550305;-63,077595;59,432;66,353;6,921;7,29;-0,369;#REF!
1608J;93997;NORTE;PARÁ;-1,58255;-48,016363;28,6338;3,042;-25,5918;-25,11;-0,4818;#REF!
840U;90609;NORTE;PARÁ;-1,297518;-47,949816;45,5228;19,941;-25,5818;-25,16;-0,4218;#REF!
984C;90448;NORTE;PARÁ;-6,835330722;-49,58287381;221,8345;200,259;-21,5755;-21,97;0,3945;#REF!
993D;90411;NORTE;PARÁ;-7,142402;-55,382231;224,3235;208,574;-15,7495;-15,37;-0,3795;#REF!
760N;91287;NORTE;RONDÔNIA;-10,59256292;-62,35279825;245,309;259,664;14,355;14,27;0,085;#REF!
762M;91242;NORTE;RONDÔNIA;-9,928693056;-63,05880308;117,1506;131,324;14,1734;14,23;-0,0566;#REF!
763R;91286;NORTE;RONDÔNIA;-9,368121972;-63,13419458;120,6935;132,867;12,1735;12,27;-0,0965;#REF!
9517C;90012;NORTE;RONDÔNIA;-8,740543944;-63,90328608;85,2713;97,22;11,9487;12,05;-0,1013;#REF!
1377E;92821;NORTE;TOCANTINS;-12,91430303;-46,95377489;748,7745;731,301;-17,4735;-17,46;-0,0135;#REF!
1379P;92616;NORTE;TOCANTINS;-12,62137247;-47,88615383;270,1947;253,616;-16,5787;-16,4;-0,1787;#REF!
1384R;92829;NORTE;TOCANTINS;-11,60018197;-50,57043644;190,0378;172,615;-17,4228;-17,22;-0,2028;#REF!
2208H;92823;NORTE;TOCANTINS;-10,93118992;-48,52304953;252,8454;236,485;-16,3604;-16,17;-0,1904;#REF!
2305V;92822;NORTE;TOCANTINS;-11,79256631;-46,90629406;421,8932;404,508;-17,3852;-17,25;-0,1352;#REF!
2312G;92820;NORTE;TOCANTINS;-12,42100161;-48,62402306;298,3859;284,32;-14,0659;-14,03;-0,0359;#REF!
3251U;92617;NORTE;TOCANTINS;-12,74372717;-48,23742964;268,6431;253,685;-14,9581;-14,78;-0,1781;#REF!
3254A;92615;NORTE;TOCANTINS;-12,28981369;-48,23925811;290,1915;275,035;-15,1565;-15,11;-0,0465;#REF!
682P;92825;NORTE;TOCANTINS;-9,764850556;-48,70349622;338,5989;319,87;-18,7289;-18,57;-0,1589;#REF!
687B;92828;NORTE;TOCANTINS;-7,550267;-48,416437;268,1823;245,422;-22,7603;-22,42;-0,3403;#REF!
946V;92824;NORTE;TOCANTINS;-9,56549975;-46,61657308;453,8431;433,747;-20,0961;-20,36;0,2639;#REF!
1087A;91596;SUDESTE;ESPÍRITO SANTO;-20,233138;-40,275373;33,5281;25,889;-7,6391;-7,36;-0,2791;#REF!
173D;96067;SUDESTE;ESPÍRITO SANTO;-19,93410589;-40,60087842;651,0328;644,528;-6,5048;-6,85;0,3452;#REF!
3281R;96066;SUDESTE;ESPÍRITO SANTO;-19,051492;-40,02922619;47,9021;40,224;-7,6781;-7,88;0,2019;#REF!
3286J;91849;SUDESTE;ESPÍRITO SANTO;-18,71171706;-39,87619286;43,868;36,222;-7,646;-7,85;0,204;#REF!
4005A;96068;SUDESTE;ESPÍRITO SANTO;-21,11524722;-41,025531;26,4805;19,599;-6,8815;-7,02;0,1385;#REF!
4006L;96065;SUDESTE;ESPÍRITO SANTO;-20,76976575;-41,16274922;71,4975;64,767;-6,7305;-6,92;0,1895;#REF!
4007M;96064;SUDESTE;ESPÍRITO SANTO;-20,74950661;-41,47312203;114,5818;108,145;-6,4368;-6,53;0,0932;#REF!
4018Z;91847;SUDESTE;ESPÍRITO SANTO;-20,21249969;-40,26802911;37,2254;30,086;-7,1394;-7,37;0,2306;#REF!
4025P;91871;SUDESTE;ESPÍRITO SANTO;-18,13316239;-40,36364078;188,538;179,816;-8,722;-8,86;0,138;#REF!
4028M;93699;SUDESTE;ESPÍRITO SANTO;-18,38060625;-40,81957242;234,2863;225,186;-9,1003;-9,27;0,1697;#REF!
4030J;91872;SUDESTE;ESPÍRITO SANTO;-18,75058756;-40,88973617;211,7365;202,712;-9,0245;-9,21;0,1855;#REF!
4035N;91873;SUDESTE;ESPÍRITO SANTO;-19,88745303;-40,86754094;185,099;177,945;-7,154;-7,26;0,106;#REF!
108L;91630;SUDESTE;MINAS GERAIS;-20,66017214;-43,78594572;995,0392;990,966;-4,0732;-4,3;0,2268;#REF!
1138C;91740;SUDESTE;MINAS GERAIS;-19,64441206;-42,81885467;341,2792;330,821;-10,4582;-10,24;-0,2182;#REF!
1169D;91771;SUDESTE;MINAS GERAIS;-18,48036925;-43,0386095;702,1681;692,161;-10,0071;-10,07;0,0629;#REF!
1172T;96059;SUDESTE;MINAS GERAIS;-18,3665645;-44,44047611;638,4285;628,095;-10,3335;-10,32;-0,0135;#REF!
1293J;93923;SUDESTE;MINAS GERAIS;-16,11461033;-45,62382872;592,746;579,351;-13,395;-13,39;-0,005;#REF!
135I;96063;SUDESTE;MINAS GERAIS;-20,33002206;-42,36470844;675,1005;668,878;-6,2225;-6,5;0,2775;#REF!
146Q;96056;SUDESTE;MINAS GERAIS;-18,58947661;-46,51692778;834,0203;824,346;-9,6743;-9,56;-0,1143;#REF!
215S;96055;SUDESTE;MINAS GERAIS;-17,22406508;-46,87430056;683,0857;670,48;-12,6057;-12,55;-0,0557;#REF!
2163L;96057;SUDESTE;MINAS GERAIS;-19,40011706;-47,3213885;1096,2499;1087,917;-8,3329;-8,52;0,1871;#REF!
2286G;91243;SUDESTE;MINAS GERAIS;-15,62421878;-46,42233331;551,7776;538,06;-13,7176;-13,53;-0,1876;#REF!
2319S;93906;SUDESTE;MINAS GERAIS;-17,347949;-44,90685944;510,6511;498,335;-12,3161;-12,27;-0,0461;#REF!
2332A;96061;SUDESTE;MINAS GERAIS;-17,21323594;-44,44544142;559,0887;546,912;-12,1767;-12,13;-0,0467;#REF!
2981F;91791;SUDESTE;MINAS GERAIS;-20,3015;-49,19723447;450,8395;443,34;-7,4995;-7,33;-0,1695;#REF!
2990V;91691;SUDESTE;MINAS GERAIS;-20,357224;-47,03602431;722,7109;715,574;-7,1369;-6,95;-0,1869;#REF!
2992M;91677;SUDESTE;MINAS GERAIS;-20,28355983;-47,06439356;669,2814;662,175;-7,1064;-7,16;0,0536;#REF!
2992S;91674;SUDESTE;MINAS GERAIS;-20,28626722;-47,06423658;669,316;662,037;-7,279;-7,16;-0,119;#REF!
2992T;91673;SUDESTE;MINAS GERAIS;-20,28630256;-47,06685275;631,6414;624,514;-7,1274;-7,15;0,0226;#REF!
2992Z;91675;SUDESTE;MINAS GERAIS;-20,28561625;-47,06721578;632,3074;625,211;-7,0964;-7,16;0,0636;#REF!
2993L;91676;SUDESTE;MINAS GERAIS;-20,27566267;-47,07895919;629,3778;622,27;-7,1078;-7,16;0,0522;#REF!
2993U;91670;SUDESTE;MINAS GERAIS;-20,28821075;-47,06657394;686,2989;679,268;-7,0309;-7,15;0,1191;#REF!
2993X;91665;SUDESTE;MINAS GERAIS;-20,15101378;-47,28001903;631,2579;623,631;-7,6269;-7,6;-0,0269;#REF!
2996A;91694;SUDESTE;MINAS GERAIS;-20,60393817;-46,91069611;696,3033;689,667;-6,6363;-6,64;0,0037;#REF!
3003G;91678;SUDESTE;MINAS GERAIS;-20,66376031;-46,31665364;774,3025;767,809;-6,4935;-6,53;0,0365;#REF!
3003J;91679;SUDESTE;MINAS GERAIS;-20,66528928;-46,32071311;682,5436;676,062;-6,4816;-6,53;0,0484;#REF!
3034J;91784;SUDESTE;MINAS GERAIS;-20,03198406;-47,43424208;573,5673;565,366;-8,2013;-8,07;-0,1313;#REF!
3034P;91846;SUDESTE;MINAS GERAIS;-20,05103122;-47,40610536;572,7692;564,578;-8,1912;-7,99;-0,2012;#REF!
3036F;91788;SUDESTE;MINAS GERAIS;-20,11939483;-48,57333264;473,593;465,657;-7,936;-8,07;0,134;#REF!
3036G;91789;SUDESTE;MINAS GERAIS;-20,12475733;-48,57233614;469,9536;461,927;-8,0266;-8,07;0,0434;#REF!
3036X;91790;SUDESTE;MINAS GERAIS;-20,29401275;-49,19445283;457,1737;449,752;-7,4217;-7,33;-0,0917;#REF!
3038R;91786;SUDESTE;MINAS GERAIS;-20,02476064;-48,21507472;499,7342;490,906;-8,8282;-8,75;-0,0782;#REF!
3042S;91817;SUDESTE;MINAS GERAIS;-21,19016244;-45,05699303;773,1171;769,125;-3,9921;-4,1;0,1079;#REF!
3043L;91811;SUDESTE;MINAS GERAIS;-21,087811;-45,17805325;783,0893;778,838;-4,2513;-4,43;0,1787;#REF!
3043T;91810;SUDESTE;MINAS GERAIS;-21,07114981;-45,23013083;773,8651;769,432;-4,4331;-4,53;0,0969;#REF!
3043Z;91804;SUDESTE;MINAS GERAIS;-21,04989017;-45,2786115;770,1459;765,6;-4,5459;-4,68;0,1341;#REF!
3044A;91802;SUDESTE;MINAS GERAIS;-21,05052603;-45,28585889;772,651;768,123;-4,528;-4,69;0,162;#REF!
3044E;91803;SUDESTE;MINAS GERAIS;-21,05936475;-45,31580919;769,7317;765,147;-4,5847;-4,73;0,1453;#REF!
3044G;91799;SUDESTE;MINAS GERAIS;-21,22748519;-44,97863878;919,4306;915,673;-3,7576;-3,97;0,2124;#REF!
3044V;91815;SUDESTE;MINAS GERAIS;-21,16728036;-45,11668689;808,5744;804,446;-4,1284;-4,22;0,0916;#REF!
3044X;91732;SUDESTE;MINAS GERAIS;-21,33308619;-44,97456975;1044,7168;1041,098;-3,6188;-3,82;0,2012;#REF!
3044Z;91733;SUDESTE;MINAS GERAIS;-21,33271458;-44,97284114;1041,7607;1038,173;-3,5877;-3,82;0,2323;#REF!
3045R;91797;SUDESTE;MINAS GERAIS;-21,13267819;-45,02287942;789,4186;785,463;-3,9556;-4,08;0,1244;#REF!
3045T;91798;SUDESTE;MINAS GERAIS;-21,22763722;-44,97594747;921,9325;918,147;-3,7855;-3,97;0,1845;#REF!
3045U;91800;SUDESTE;MINAS GERAIS;-21,22911406;-44,97460578;921,9516;918,155;-3,7966;-3,97;0,1734;#REF!
3045X;91801;SUDESTE;MINAS GERAIS;-21,22789975;-44,97355933;931,5155;927,521;-3,9945;-3,97;-0,0245;#REF!
3050D;91734;SUDESTE;MINAS GERAIS;-21,33045831;-44,96819419;1018,8444;1015,073;-3,7714;-3,82;0,0486;#REF!
3050E;91735;SUDESTE;MINAS GERAIS;-21,32951583;-44,96880722;1008,2568;1004,636;-3,6208;-3,82;0,1992;#REF!
3050F;91731;SUDESTE;MINAS GERAIS;-21,330286;-44,981916;1182,3859;1179,017;-3,3689;-3,83;0,4611;#REF!
3050G;91729;SUDESTE;MINAS GERAIS;-21,33061336;-44,98389172;1217,1873;1213,629;-3,5583;-3,83;0,2717;#REF!
3053E;91809;SUDESTE;MINAS GERAIS;-21,11580106;-45,21231769;799,1192;794,78;-4,3392;-4,44;0,1008;#REF!
3053G;91807;SUDESTE;MINAS GERAIS;-21,13962681;-45,22236086;790,8774;786,351;-4,5264;-4,41;-0,1164;#REF!
3053M;91806;SUDESTE;MINAS GERAIS;-21,13168978;-45,25171311;768,6905;764,342;-4,3485;-4,46;0,1115;#REF!
3053U;91805;SUDESTE;MINAS GERAIS;-21,08037197;-45,25713181;773,3308;768,856;-4,4748;-4,57;0,0952;#REF!
3261F;92711;SUDESTE;MINAS GERAIS;-18,42426831;-49,11892467;523,211;511,95;-11,261;-11,1;-0,161;#REF!
3261H;92712;SUDESTE;MINAS GERAIS;-18,40691122;-49,09725806;523,4241;512,1;-11,3241;-11,16;-0,1641;#REF!
3320L;92851;SUDESTE;MINAS GERAIS;-20,86203478;-46,89846697;956,0945;950,531;-5,5635;-5,65;0,0865;#REF!
3320U;92852;SUDESTE;MINAS GERAIS;-20,89488556;-47,00211158;933,3689;928,042;-5,3269;-5,51;0,1831;#REF!
3321L;92853;SUDESTE;MINAS GERAIS;-21,07123794;-46,97955347;1158,0089;1153,043;-4,9659;-5,18;0,2141;#REF!
3321Z;92854;SUDESTE;MINAS GERAIS;-21,19296572;-46,97293039;889,2239;884,346;-4,8779;-4,99;0,1121;#REF!
3322L;92855;SUDESTE;MINAS GERAIS;-21,34995256;-46,94074106;763,8446;759,031;-4,8136;-4,87;0,0564;#REF!
4022S;91703;SUDESTE;MINAS GERAIS;-20,74741092;-42,83904169;655,7051;649,256;-6,4491;-6,59;0,1409;#REF!
4022T;91702;SUDESTE;MINAS GERAIS;-20,74038808;-42,84377892;653,6108;647,125;-6,4858;-6,62;0,1342;#REF!
4022U;91700;SUDESTE;MINAS GERAIS;-20,762595;-42,86412931;702,2267;695,769;-6,4577;-6,59;0,1323;#REF!
4022X;91701;SUDESTE;MINAS GERAIS;-20,76539367;-42,86702675;698,436;691,981;-6,455;-6,58;0,125;#REF!
4022Z;91699;SUDESTE;MINAS GERAIS;-20,75640503;-42,87110222;712,5017;706,033;-6,4687;-6,61;0,1413;#REF!
618M;96058;SUDESTE;MINAS GERAIS;-18,10447806;-45,46816575;603,6902;593,027;-10,6632;-10,75;0,0868;#REF!
658A;91834;SUDESTE;MINAS GERAIS;-20,04925758;-47,4056955;580,8847;572,78;-8,1047;-8;-0,1047;#REF!
9502D;91031;SUDESTE;MINAS GERAIS;-19,76203775;-48,10158178;763,4072;754,043;-9,3642;-9,31;-0,0542;#REF!
1000N;91825;SUDESTE;RIO DE JANEIRO;-22,60552581;-43,93542194;473,9662;469,49;-4,4762;-4,65;0,1738;#REF!
1005U;91953;SUDESTE;RIO DE JANEIRO;-22,55960333;-42,86160964;11,8198;6,083;-5,7368;-5,8;0,0632;#REF!
1006U;93955;SUDESTE;RIO DE JANEIRO;-22,64560872;-43,07019308;5,365;-0,311;-5,676;-5,72;0,044;#REF!
1008S;96162;SUDESTE;RIO DE JANEIRO;-22,80577939;-42,98107567;27,8813;21,774;-6,1073;-6,21;0,1027;#REF!
1013A;91969;SUDESTE;RIO DE JANEIRO;-22,84698558;-42,1858095;5,8496;-0,041;-5,8906;-6,05;0,1594;#REF!
1014E;91870;SUDESTE;RIO DE JANEIRO;-22,41349164;-43,14011475;685,8676;681,704;-4,1636;-4,51;0,3464;#REF!
1021C;91823;SUDESTE;RIO DE JANEIRO;-22,70403364;-44,09599883;411,0279;406,853;-4,1749;-4,32;0,1451;#REF!
1025C;96126;SUDESTE;RIO DE JANEIRO;-21,49304156;-41,61461517;22,6085;15,567;-7,0415;-7,05;0,0085;#REF!
2814B;91826;SUDESTE;RIO DE JANEIRO;-22,44970064;-44,31842731;421,6857;417,746;-3,9397;-4,04;0,1003;#REF!
2814U;91827;SUDESTE;RIO DE JANEIRO;-22,55236622;-44,06811239;456,6102;452,089;-4,5212;-4,5;-0,0212;#REF!
2820G;91820;SUDESTE;RIO DE JANEIRO;-23,19481564;-44,72814236;4,7222;0,258;-4,4642;-4,44;-0,0242;#REF!
2820S;91830;SUDESTE;RIO DE JANEIRO;-22,64068372;-43,71307283;39,8979;34,7;-5,1979;-5,25;0,0521;#REF!
2821S;91828;SUDESTE;RIO DE JANEIRO;-22,52753328;-43,7217355;422,0576;417,351;-4,7066;-4,85;0,1434;#REF!
2822M;91829;SUDESTE;RIO DE JANEIRO;-22,63875244;-43,66562122;40,2725;35,017;-5,2555;-5,31;0,0545;#REF!
2823E;91869;SUDESTE;RIO DE JANEIRO;-22,49416986;-43,52081311;494,6432;490,059;-4,5842;-4,82;0,2358;#REF!
2824M;91866;SUDESTE;RIO DE JANEIRO;-22,19660258;-43,31550469;327,7713;323,274;-4,4973;-4,65;0,1527;#REF!
2825H;91966;SUDESTE;RIO DE JANEIRO;-22,69179528;-42,54700847;51,8291;45,668;-6,1611;-6,29;0,1289;#REF!
2825Z;91968;SUDESTE;RIO DE JANEIRO;-22,51903828;-42,342233;20,854;14,913;-5,941;-6,02;0,079;#REF!
2826S;91964;SUDESTE;RIO DE JANEIRO;-22,4662465;-42,07170044;17,2261;10,943;-6,2831;-6,4;0,1169;#REF!
2828N;91962;SUDESTE;RIO DE JANEIRO;-22,47580386;-41,89443867;8,2093;1,682;-6,5273;-6,71;0,1827;#REF!
2829G;91961;SUDESTE;RIO DE JANEIRO;-22,27592686;-41,70581003;9,493;2,928;-6,565;-6,8;0,235;#REF!
2830F;91958;SUDESTE;RIO DE JANEIRO;-22,10192825;-41,45218383;8,0287;1,52;-6,5087;-6,74;0,2313;#REF!
2833P;91954;SUDESTE;RIO DE JANEIRO;-21,92062408;-42,15749556;198,1656;192,049;-6,1166;-6,25;0,1334;#REF!
2835G;93968;SUDESTE;RIO DE JANEIRO;-22,24491642;-42,91596592;712,6094;708,38;-4,2294;-4,47;0,2406;#REF!
2842F;91868;SUDESTE;RIO DE JANEIRO;-21,938304;-42,59621425;287,5823;282,086;-5,4963;-5,66;0,1637;#REF!
2844P;91963;SUDESTE;RIO DE JANEIRO;-22,082332;-42,069532;694,2299;688,649;-5,5809;-5,85;0,2691;#REF!
2849X;91955;SUDESTE;RIO DE JANEIRO;-21,72191953;-41,94221506;86,8872;80,275;-6,6122;-6,76;0,1478;#REF!
2994A;91500;SUDESTE;RIO DE JANEIRO;-22,81910219;-43,30665331;4,3432;-1,459;-5,8022;-5,78;-0,0222;#REF!
2994B;91513;SUDESTE;RIO DE JANEIRO;-22,81915464;-43,30657242;3,1932;-2,598;-5,7912;-5,78;-0,0112;#REF!
2994G;93689;SUDESTE;RIO DE JANEIRO;-22,38901269;-41,77078633;5,3113;-1,196;-6,5073;-6,78;0,2727;#REF!
2994L;93518;SUDESTE;RIO DE JANEIRO;-22,88314303;-43,13472889;1,6897;-4,219;-5,9087;-6,01;0,1013;#REF!
2994X;96099;SUDESTE;RIO DE JANEIRO;-22,92235914;-43,09475025;4,2399;-1,641;-5,8809;-6,03;0,1491;#REF!
3002S;91885;SUDESTE;RIO DE JANEIRO;-21,84414136;-42,57855744;140,4513;134,541;-5,9103;-6,02;0,1097;#REF!
3010E;96159;SUDESTE;RIO DE JANEIRO;-22,92677247;-42,92403153;14,5608;8,583;-5,9778;-6,21;0,2322;#REF!
3013G;91965;SUDESTE;RIO DE JANEIRO;-22,88588928;-42,47635519;12,9255;6,96;-5,9655;-6,17;0,2045;#REF!
3013U;91967;SUDESTE;RIO DE JANEIRO;-22,86548561;-42,31523344;17,349;11,406;-5,943;-6,08;0,137;#REF!
3017D;96045;SUDESTE;RIO DE JANEIRO;-22,49648253;-44,66051344;465,6957;462,577;-3,1187;-3,24;0,1213;#REF!
3017S;91824;SUDESTE;RIO DE JANEIRO;-22,45596167;-44,39434578;405,5084;401,716;-3,7924;-3,86;0,0676;#REF!
3068S;91821;SUDESTE;RIO DE JANEIRO;-22,96667808;-44,044784;4,811;-0,262;-5,073;-4,84;-0,233;#REF!
3073D;91970;SUDESTE;RIO DE JANEIRO;-22,77448331;-41,93055061;2,6342;-3,277;-5,9112;-6,14;0,2288;#REF!
3086H;91888;SUDESTE;RIO DE JANEIRO;-22,36955525;-41,78450222;6,5936;0,056;-6,5376;-6,77;0,2324;#REF!
3088S;91783;SUDESTE;RIO DE JANEIRO;-22,97846828;-42,02026133;6,8732;1,271;-5,6022;-5,8;0,1978;#REF!
3091B;93967;SUDESTE;RIO DE JANEIRO;-22,77151622;-42,92853408;16,9668;10,816;-6,1508;-6,26;0,1092;#REF!
3099C;93915;SUDESTE;RIO DE JANEIRO;-22,84657125;-43,23643228;5,2562;-0,549;-5,8052;-5,84;0,0348;#REF!
3100T;93916;SUDESTE;RIO DE JANEIRO;-22,82367942;-43,23153606;4,0193;-1,784;-5,8033;-5,85;0,0467;#REF!
3121A;91720;SUDESTE;RIO DE JANEIRO;-22,81784442;-43,30627661;14,3646;8,632;-5,7326;-5,78;0,0474;#REF!
4001L;91956;SUDESTE;RIO DE JANEIRO;-21,65347722;-41,74074517;41,5429;34,887;-6,6559;-6,83;0,1741;#REF!
4003P;91960;SUDESTE;RIO DE JANEIRO;-21,47735892;-41,1138355;9,5455;2,975;-6,5705;-6,74;0,1695;#REF!
4010B;93966;SUDESTE;RIO DE JANEIRO;-21,20039542;-41,71592733;140,631;133,872;-6,759;-6,86;0,101;#REF!
9022D;93519;SUDESTE;RIO DE JANEIRO;-22,38911525;-41,77068031;5,2776;-1,215;-6,4926;-6,78;0,2874;#REF!
9022E;93690;SUDESTE;RIO DE JANEIRO;-22,38684361;-41,76939478;4,4741;-2,036;-6,5101;-6,77;0,2599;#REF!
2388G;91617;SUDESTE;SÃO PAULO;-20,25246028;-50,18351422;435,2343;427,587;-7,6473;-7,54;-0,1073;#REF!
2810C;91711;SUDESTE;SÃO PAULO;-22,6754365;-45,00075622;556,4976;553,38;-3,1176;-3,24;0,1224;#REF!
2875N;91839;SUDESTE;SÃO PAULO;-22,93817939;-48,39277792;877,4363;872,221;-5,2153;-5,27;0,0547;#REF!
2875R;91840;SUDESTE;SÃO PAULO;-22,93556319;-48,35931772;683,0428;677,74;-5,3028;-5,31;0,0072;#REF!
2914G;91844;SUDESTE;SÃO PAULO;-21,93928619;-48,801115;509,9552;503,276;-6,6792;-6,63;-0,0492;#REF!
2914R;91843;SUDESTE;SÃO PAULO;-21,80692981;-48,83850478;448,3992;441,615;-6,7842;-6,67;-0,1142;#REF!
2964J;93681;SUDESTE;SÃO PAULO;-21,18540983;-49,58308297;485,7722;478,75;-7,0222;-6,91;-0,1122;#REF!
2965J;93682;SUDESTE;SÃO PAULO;-21,03136447;-49,64692042;469,6232;462,61;-7,0132;-6,95;-0,0632;#REF!
2988C;91615;SUDESTE;SÃO PAULO;-20,78465683;-49,35818483;527,7466;520,755;-6,9916;-6,96;-0,0316;#REF!
2988H;91668;SUDESTE;SÃO PAULO;-20,26139975;-47,36745208;1074,5587;1067,483;-7,0757;-7,19;0,1143;#REF!
2988Z;91689;SUDESTE;SÃO PAULO;-20,24179547;-47,31027339;685,248;678,009;-7,239;-7,34;0,101;#REF!
2989B;91690;SUDESTE;SÃO PAULO;-20,24451439;-47,27136856;710,3971;703,128;-7,2691;-7,33;0,0609;#REF!
2991T;91634;SUDESTE;SÃO PAULO;-23,21276667;-45,85969797;624,3378;621,217;-3,1208;-3,2;0,0792;#REF!
2992B;91638;SUDESTE;SÃO PAULO;-23,21937922;-45,872147;619,1325;615,991;-3,1415;-3,19;0,0485;#REF!
2992C;91637;SUDESTE;SÃO PAULO;-23,225769;-45,86313064;628,0205;624,873;-3,1475;-3,21;0,0625;#REF!
2992D;91636;SUDESTE;SÃO PAULO;-23,234386;-45,85377008;646,2563;643,074;-3,1823;-3,22;0,0377;#REF!
2992E;91635;SUDESTE;SÃO PAULO;-23,22258094;-45,86548842;625,0867;621,952;-3,1347;-3,2;0,0653;#REF!
3007P;91612;SUDESTE;SÃO PAULO;-20,5819065;-47,38095553;1011,1194;1005,059;-6,0604;-6,26;0,1996;#REF!
3007T;91607;SUDESTE;SÃO PAULO;-23,55084672;-46,73157758;721,1014;718,14;-2,9614;-3,05;0,0886;#REF!
3018P;91608;SUDESTE;SÃO PAULO;-23,41144175;-45,59364297;720,8007;717,506;-3,2947;-3,44;0,1453;#REF!
3018V;91725;SUDESTE;SÃO PAULO;-22,67998447;-44,99114283;572,9733;569,857;-3,1163;-3,24;0,1237;#REF!
3018X;91727;SUDESTE;SÃO PAULO;-22,68722689;-44,98516328;619,7134;616,598;-3,1154;-3,24;0,1246;#REF!
3018Z;91728;SUDESTE;SÃO PAULO;-22,68670108;-44,98479292;619,071;615,952;-3,119;-3,23;0,111;#REF!
3020B;91682;SUDESTE;SÃO PAULO;-22,68696072;-44,98428783;623,39;620,278;-3,112;-3,23;0,118;#REF!
3020D;91726;SUDESTE;SÃO PAULO;-22,69168294;-44,99080861;648,5318;645,408;-3,1238;-3,24;0,1162;#REF!
3020L;91685;SUDESTE;SÃO PAULO;-22,80479178;-48,42743631;750,9057;745,385;-5,5207;-5,58;0,0593;#REF!
3020M;91616;SUDESTE;SÃO PAULO;-21,75491889;-48,99276578;408,9119;402,351;-6,5609;-6,64;0,0791;#REF!
3020R;91613;SUDESTE;SÃO PAULO;-21,23516406;-48,28638481;612,8991;605,96;-6,9391;-6,98;0,0409;#REF!
3021N;91684;SUDESTE;SÃO PAULO;-24,44215617;-47,78295508;47,6534;44,257;-3,3964;-3,4;0,0036;#REF!
3023E;91683;SUDESTE;SÃO PAULO;-23,52933564;-48,00986336;750,7915;746,704;-4,0875;-4,16;0,0725;#REF!
3035R;91355;SUDESTE;SÃO PAULO;-20,26237608;-48,674872;465,0675;457,099;-7,9685;-7,88;-0,0885;#REF!
3038T;91787;SUDESTE;SÃO PAULO;-20,03560258;-48,22293356;497,5037;488,657;-8,8467;-8,72;-0,1267;#REF!
3041S;91845;SUDESTE;SÃO PAULO;-20,27196533;-47,45536972;1050,2653;1043,419;-6,8463;-7,05;0,2037;#REF!
3041U;91833;SUDESTE;SÃO PAULO;-20,27162569;-47,45452039;1051,8686;1044,923;-6,9456;-7,05;0,1044;#REF!
3056A;91554;SUDESTE;SÃO PAULO;-22,90447136;-50,00190117;392,0258;386,749;-5,2768;-5,18;-0,0968;#REF!
3092T;91716;SUDESTE;SÃO PAULO;-25,02023931;-47,92496853;7,9738;6,058;-1,9158;-1,88;-0,0358;#REF!
3108U;92578;SUDESTE;SÃO PAULO;-22,12817131;-51,42817608;434,1324;429,107;-5,0254;-4,99;-0,0354;#REF!
3111T;91550;SUDESTE;SÃO PAULO;-21,95052658;-50,94145283;326,5143;320,436;-6,0783;-5,87;-0,2083;#REF!
3112M;96157;SUDESTE;SÃO PAULO;-21,79161761;-50,79683889;490,1175;483,797;-6,3205;-6,17;-0,1505;#REF!
3113A;91584;SUDESTE;SÃO PAULO;-21,71348892;-50,72759247;440,0737;433,609;-6,4647;-6,29;-0,1747;#REF!
3113T;91719;SUDESTE;SÃO PAULO;-21,59639439;-50,60142864;426,8598;420,202;-6,6578;-6,48;-0,1778;#REF!
3114D;91971;SUDESTE;SÃO PAULO;-21,52502317;-50,55163775;446,0492;439,377;-6,6722;-6,57;-0,1022;#REF!
3114S;91972;SUDESTE;SÃO PAULO;-21,39756556;-50,48334939;461,1102;454,225;-6,8852;-6,73;-0,1552;#REF!
3115F;91973;SUDESTE;SÃO PAULO;-21,33870619;-50,39999744;476,1048;469,095;-7,0098;-6,8;-0,2098;#REF!
3115T;91974;SUDESTE;SÃO PAULO;-21,22037964;-50,30292797;404,3274;397,077;-7,2504;-7;-0,2504;#REF!
3116H;91975;SUDESTE;SÃO PAULO;-21,05699517;-50,200953;383,2946;375,857;-7,4376;-7,25;-0,1876;#REF!
3124A;91507;SUDESTE;SÃO PAULO;-23,21348417;-45,86059131;625,6337;622,527;-3,1067;-3,2;0,0933;#REF!
3124B;96110;SUDESTE;SÃO PAULO;-23,21345353;-45,86081786;624,2305;621,025;-3,2055;-3,2;-0,0055;#REF!
3125R;96158;SUDESTE;SÃO PAULO;-21,85836933;-50,68933842;499,4072;493,155;-6,2522;-6,12;-0,1322;#REF!
3307V;91610;SUDESTE;SÃO PAULO;-21,62516311;-47,01801325;585,1585;580,026;-5,1325;-5,18;0,0475;#REF!
3322T;92856;SUDESTE;SÃO PAULO;-21,43756933;-47,00968508;618,8147;613,738;-5,0767;-5,09;0,0133;#REF!
4037Z;93901;SUDESTE;SÃO PAULO;-21,24105247;-48,28664936;575,2342;568,268;-6,9662;-6,98;0,0138;#REF!
4038N;91351;SUDESTE;SÃO PAULO;-21,08581242;-48,40339542;603,2083;596,282;-6,9263;-7,02;0,0937;#REF!
4039B;91352;SUDESTE;SÃO PAULO;-20,93283992;-48,47218419;565,1234;558,083;-7,0404;-7,14;0,0996;#REF!
4039S;91353;SUDESTE;SÃO PAULO;-20,72124156;-48,53631558;588,2276;580,891;-7,3366;-7,37;0,0334;#REF!
4040F;91879;SUDESTE;SÃO PAULO;-20,58314664;-48,59746322;576,5349;568,857;-7,6779;-7,63;-0,0479;#REF!
9501C;90764;SUDESTE;SÃO PAULO;-23,56657283;-46,73258458;790,742;787,773;-2,969;-3,05;0,081;#REF!
9502B;91785;SUDESTE;SÃO PAULO;-20,02106325;-47,43573422;561,4362;553,153;-8,2832;-8,11;-0,1732;#REF!
1581T;96149;SUL;PARANÁ;-23,78937044;-53,06030958;470,8619;471,05;0,1881;0,15;0,0381;#REF!
1587X;93999;SUL;PARANÁ;-23,24646978;-50,72692783;400,1126;396,114;-3,9986;-3,88;-0,1186;#REF!
1594D;96148;SUL;PARANÁ;-23,72239144;-52,180014;374,9377;373,219;-1,7187;-1,67;-0,0487;#REF!
1597H;93961;SUL;PARANÁ;-24,01536589;-51,09170006;1011,8736;1011,977;0,1034;-0,15;0,2534;#REF!
1720M;96151;SUL;PARANÁ;-24,37552928;-53,83502347;381,88;384,635;2,755;2,85;-0,095;#REF!
1726F;96153;SUL;PARANÁ;-25,74984417;-53,05357886;511,4725;514,3;2,8275;2,89;-0,0625;#REF!
1728D;96154;SUL;PARANÁ;-26,26653378;-52,78260592;689,6361;694,388;4,7519;4,6;0,1519;#REF!
1731M;96152;SUL;PARANÁ;-25,14990814;-53,843908;672,7305;676,829;4,0985;4,05;0,0485;#REF!
1735D;96155;SUL;PARANÁ;-25,42582553;-52,01798644;770,0963;773,504;3,4077;3,27;0,1377;#REF!
1741B;96156;SUL;PARANÁ;-25,69699781;-51,65997731;1051,9362;1056,85;4,9138;4,7;0,2138;#REF!
1743H;91743;SUL;PARANÁ;-24,75302392;-51,77616731;893,0858;894,896;1,8102;1,72;0,0902;#REF!
2018P;92700;SUL;PARANÁ;-24,724937;-49,98637;1037,5545;1041,746;4,1915;3,9;0,2915;#REF!
2021V;96147;SUL;PARANÁ;-24,56654928;-51,33752842;536,6371;537,333;0,6959;0,83;-0,1341;#REF!
2028D;94050;SUL;PARANÁ;-23,87490194;-53,89093139;377,8352;379,521;1,6858;1,86;-0,1742;#REF!
2985A;91582;SUL;PARANÁ;-25,57910217;-54,55912944;179,8058;185,023;5,2172;5,24;-0,0228;#REF!
3105U;91795;SUL;PARANÁ;-22,69638653;-51,79193336;379,365;375,726;-3,639;-3,41;-0,229;#REF!
3279F;91105;SUL;PARANÁ;-25,44836858;-49,23095481;921,8421;925,765;3,9229;3,66;0,2629;#REF!
3279N;91123;SUL;PARANÁ;-25,452259;-49,235936;909,697;913,689;3,992;3,67;0,322;#REF!
3279R;91124;SUL;PARANÁ;-25,454087;-49,236771;907,1962;911,184;3,9878;3,67;0,3178;#REF!
3279U;91103;SUL;PARANÁ;-25,45552883;-49,23743039;907,1886;911,134;3,9454;3,67;0,2754;#REF!
1413L;93972;SUL;RIO GRANDE DO SUL;-28,056344;-51,12976;914,1311;921,153;7,0219;6,76;0,2619;#REF!
1780U;94047;SUL;RIO GRANDE DO SUL;-29,77810078;-50,17436094;16,4655;19,768;3,3025;3,24;0,0625;#REF!
1790D;94039;SUL;RIO GRANDE DO SUL;-30,15651194;-52,11745925;61,3373;68,332;6,9947;6,97;0,0247;#REF!
1791C;94044;SUL;RIO GRANDE DO SUL;-29,70024783;-52,85949461;126,6082;134,924;8,3158;8,22;0,0958;#REF!
1792H;91947;SUL;RIO GRANDE DO SUL;-29,71084567;-53,71680467;85,6995;95,244;9,5445;9,46;0,0845;#REF!
1792L;91946;SUL;RIO GRANDE DO SUL;-29,69536553;-53,77508711;115,6781;125,282;9,6039;9,56;0,0439;#REF!
1795M;94040;SUL;RIO GRANDE DO SUL;-30,24222883;-52,74742739;51,2498;60,073;8,8232;8,82;0,0032;#REF!
1907L;93976;SUL;RIO GRANDE DO SUL;-29,172031;-52,205892;499,1238;506,793;7,6692;7,44;0,2292;#REF!
1916J;93816;SUL;RIO GRANDE DO SUL;-28,37831947;-54,28376669;265,5297;274,147;8,6173;8,65;-0,0327;#REF!
1919R;93975;SUL;RIO GRANDE DO SUL;-28,63564128;-53,61387814;471,011;480,033;9,022;8,91;0,112;#REF!
1930H;91945;SUL;RIO GRANDE DO SUL;-29,66637336;-54,67274094;119,6918;130,043;10,3512;10,31;0,0412;#REF!
1937B;91943;SUL;RIO GRANDE DO SUL;-30,24159086;-54,95087844;139,3864;151,443;12,0566;11,96;0,0966;#REF!
1938J;91936;SUL;RIO GRANDE DO SUL;-29,83438469;-55,68580417;130,2493;142,374;12,1247;12,1;0,0247;#REF!
1941N;91938;SUL;RIO GRANDE DO SUL;-30,858244;-55,502014;199,4816;213,377;13,8954;13,68;0,2154;#REF!
1943J;91940;SUL;RIO GRANDE DO SUL;-30,17790675;-56,05474114;226,7287;239,913;13,1843;13,1;0,0843;#REF!
1946V;91939;SUL;RIO GRANDE DO SUL;-30,38124481;-56,39707803;148,9098;162,573;13,6632;13,58;0,0832;#REF!
1951R;94043;SUL;RIO GRANDE DO SUL;-30,943873;-54,109751;312,626;325,674;13,048;12,87;0,178;#REF!
1965U;94038;SUL;RIO GRANDE DO SUL;-31,39072669;-52,67749922;418,6723;429,187;10,5147;10,39;0,1247;#REF!
1966Z;94042;SUL;RIO GRANDE DO SUL;-31,69571808;-52,42399014;31,8193;41,275;9,4557;9,27;0,1857;#REF!
1977L;91950;SUL;RIO GRANDE DO SUL;-32,249116;-53,553677;136,5277;148,494;11,9663;11,73;0,2363;#REF!
3093H;91850;SUL;RIO GRANDE DO SUL;-30,074042;-51,119765;72,1478;76,745;4,5972;5,01;-0,4128;#REF!
3093J;91899;SUL;RIO GRANDE DO SUL;-30,07318094;-51,11977469;73,5415;78,721;5,1795;5;0,1795;#REF!
1401R;94030;SUL;SANTA CATARINA;-27,06047178;-49,41202381;93,3357;95,734;2,3983;2,34;0,0583;#REF!
1433D;93978;SUL;SANTA CATARINA;-27,07239731;-52,62669367;676,5868;682,693;6,1062;5,97;0,1362;#REF!
1710F;93981;SUL;SANTA CATARINA;-26,50005356;-53,50603414;758,6187;763,657;5,0383;4,92;0,1183;#REF!
1750Z;93982;SUL;SANTA CATARINA;-26,724955;-51,632252;1252,12;1259,758;7,638;7,33;0,308;#REF!
1778L;96166;SUL;SANTA CATARINA;-28,82136214;-49,39937094;19,7737;21,239;1,4653;1,23;0,2353;#REF!
1779B;94032;SUL;SANTA CATARINA;-29,07919825;-49,62920292;15,158;17,003;1,845;1,64;0,205;#REF!
2006J;96168;SUL;SANTA CATARINA;-27,49264203;-48,50383144;3,254;3,768;0,514;0,44;0,074;#REF!
2011U;94028;SUL;SANTA CATARINA;-26,313999;-49,909934;947,9771;952,02;4,0429;3,82;0,2229;#REF!
2011X;93983;SUL;SANTA CATARINA;-26,27023;-49,919078;845,7919;849,828;4,0361;3,84;0,1961;#REF!
2014D;93984;SUL;SANTA CATARINA;-26,913299;-50,444574;1093,8811;1099,482;5,6009;5,35;0,2509;#REF!
2059L;94034;SUL;SANTA CATARINA;-27,95612683;-50,48443542;975,8185;982,288;6,4695;6,2;0,2695;#REF!
2061N;94033;SUL;SANTA CATARINA;-27,822888;-49,57;868,6589;873,267;4,6081;4,28;0,3281;#REF!
2062U;94031;SUL;SANTA CATARINA;-27,659944;-49,125633;802,3147;805,34;3,0253;2,76;0,2653;#REF!
2064P;94027;SUL;SANTA CATARINA;-26,176649;-49,007653;174,2462;176,614;2,3678;2,14;0,2278;#REF!
3012E;96169;SUL;SANTA CATARINA;-26,78194683;-48,66856817;8,4487;8,563;0,1143;-0,08;0,1943;#REF!
3012U;91662;SUL;SANTA CATARINA;-28,23006494;-48,65432808;6,0835;7,402;1,3185;1,25;0,0685;#REF!
3087J;91854;SUL;SANTA CATARINA;-28,23661333;-48,65607847;10,55;11,85;1,3;1,25;0,05;#REF!
9302T;91558;SUL;SANTA CATARINA;-28,23805556;-48,65944444;11,3156;12,639;1,3234;1,25;0,0734;#REF!
